{
  "severity_raw": 0.9749943538353463,
  "processName": 0.024957526012396213,
  "event_type": 4.812015225753848e-05
}