{
  "severity_raw": 0.9749943538353463,
  "processName": 0.024957526012396217,
  "event_type": 4.8120152257538425e-05
}