{
  "severity_raw": 0.992887275111744,
  "processName": 0.005862118354962873,
  "event_type": 0.001250606533293084
}